category,airdate,created_at,question,updated_at,value,answer,game_id,category_id,invalid_count,id
"{u'updated_at': u'2014-02-11T22:47:18.706Z', u'created_at': u'2014-02-11T22:47:18.706Z', u'id': 2, u'clues_count': 45, u'title': u'baseball'}",1985-02-08T12:00:00.000Z,2014-02-11T22:47:18.829Z,The Atlanta Braves are in this division of the National League,2014-02-11T22:47:18.829Z,100,the Western division,,2,,2
"{u'updated_at': u'2014-02-11T22:47:18.718Z', u'created_at': u'2014-02-11T22:47:18.718Z', u'id': 3, u'clues_count': 35, u'title': u'odd jobs'}",1985-02-08T12:00:00.000Z,2014-02-11T22:47:18.841Z,Eliza Doolittle did it for a living,2014-02-11T22:47:18.841Z,100,sold flowers (flower girl accepted),,3,,3
"{u'updated_at': u'2014-02-11T22:47:18.740Z', u'created_at': u'2014-02-11T22:47:18.740Z', u'id': 5, u'clues_count': 20, u'title': u'australia'}",1985-02-08T12:00:00.000Z,2014-02-11T22:47:18.867Z,1 of 2 animals on its coat of arms,2014-02-11T22:47:18.867Z,100,(1 of) kangaroo and emu,,5,,5
"{u'updated_at': u'2014-02-11T22:47:18.750Z', u'created_at': u'2014-02-11T22:47:18.750Z', u'id': 6, u'clues_count': 5, u'title': u'""cat"" egory'}",1985-02-08T12:00:00.000Z,2014-02-11T22:47:18.878Z,"Malcolm McDowell & Nastassja Kinski's ""purr""fect roles in 1982",2014-02-11T22:47:18.878Z,100,cat people,,6,,6
"{u'updated_at': u'2014-02-11T22:47:18.687Z', u'created_at': u'2014-02-11T22:47:18.687Z', u'id': 1, u'clues_count': 30, u'title': u'politics'}",1985-02-08T12:00:00.000Z,2014-02-11T22:47:18.889Z,"Traditionally speaking, as this state goes, ""so goes the nation""",2014-02-11T22:47:18.889Z,200,Maine,,1,,7
"{u'updated_at': u'2014-02-11T22:47:18.706Z', u'created_at': u'2014-02-11T22:47:18.706Z', u'id': 2, u'clues_count': 45, u'title': u'baseball'}",1985-02-08T12:00:00.000Z,2014-02-11T22:47:18.901Z,"Eddie Gaedel, number 1/8th, was the only one ever to play in the Major Leagues",2014-02-11T22:47:18.901Z,200,a midget,,2,,8
"{u'updated_at': u'2014-02-11T22:47:18.718Z', u'created_at': u'2014-02-11T22:47:18.718Z', u'id': 3, u'clues_count': 35, u'title': u'odd jobs'}",1985-02-08T12:00:00.000Z,2014-02-11T22:47:18.912Z,"In the Old West they were in charge of horses, on a movie set in charge of chickens",2014-02-11T22:47:18.912Z,200,wranglers,,3,,9
"{u'updated_at': u'2014-02-11T22:47:18.728Z', u'created_at': u'2014-02-11T22:47:18.728Z', u'id': 4, u'clues_count': 55, u'title': u'movies'}",1985-02-08T12:00:00.000Z,2014-02-11T22:47:18.923Z,Title describing Tom Cruise's precarious commercial enterprise,2014-02-11T22:47:18.923Z,200,<i>Risky Business</i>,,4,,10
"{u'updated_at': u'2014-02-11T22:47:18.740Z', u'created_at': u'2014-02-11T22:47:18.740Z', u'id': 5, u'clues_count': 20, u'title': u'australia'}",1985-02-08T12:00:00.000Z,2014-02-11T22:47:18.934Z,"Title of this song, which actually means ""to tramp the roads with a backpack""",2014-02-11T22:47:18.934Z,,"""Waltzing Matilda""",,5,,11
"{u'updated_at': u'2014-02-11T22:47:18.750Z', u'created_at': u'2014-02-11T22:47:18.750Z', u'id': 6, u'clues_count': 5, u'title': u'""cat"" egory'}",1985-02-08T12:00:00.000Z,2014-02-11T22:47:18.947Z,Ancient weapon kept a stone's throw from its target,2014-02-11T22:47:18.947Z,200,a catapult,,6,,12
"{u'updated_at': u'2014-02-11T22:47:18.687Z', u'created_at': u'2014-02-11T22:47:18.687Z', u'id': 1, u'clues_count': 30, u'title': u'politics'}",1985-02-08T12:00:00.000Z,2014-02-11T22:47:18.959Z,"""Shrill"" name for train tour electioneering",2014-02-11T22:47:18.959Z,300,a whistle stop,,1,,13
"{u'updated_at': u'2014-02-11T22:47:18.706Z', u'created_at': u'2014-02-11T22:47:18.706Z', u'id': 2, u'clues_count': 45, u'title': u'baseball'}",1985-02-08T12:00:00.000Z,2014-02-11T22:47:18.970Z,"Now a paper company sales rep, he pitched only perfect game in World Series history",2014-02-11T22:47:18.970Z,300,Don Larsen,,2,,14
"{u'updated_at': u'2014-02-11T22:47:18.718Z', u'created_at': u'2014-02-11T22:47:18.718Z', u'id': 3, u'clues_count': 35, u'title': u'odd jobs'}",1985-02-08T12:00:00.000Z,2014-02-11T22:47:18.981Z,"He solemnly swears you in, in court",2014-02-11T22:47:18.981Z,300,a bailiff,,3,,15
"{u'updated_at': u'2014-02-11T22:47:18.728Z', u'created_at': u'2014-02-11T22:47:18.728Z', u'id': 4, u'clues_count': 55, u'title': u'movies'}",1985-02-08T12:00:00.000Z,2014-02-11T22:47:18.993Z,Film where Lily Tomlin is really Steve Martin's better half,2014-02-11T22:47:18.993Z,300,<i>All of Me</i>,,4,,16
"{u'updated_at': u'2014-02-11T22:47:18.740Z', u'created_at': u'2014-02-11T22:47:18.740Z', u'id': 5, u'clues_count': 20, u'title': u'australia'}",1985-02-08T12:00:00.000Z,2014-02-11T22:47:19.004Z,"""Satanic"" mammal found only on island S. of Australia",2014-02-11T22:47:19.004Z,300,Tasmanian devil,,5,,17
"{u'updated_at': u'2014-02-11T22:47:18.750Z', u'created_at': u'2014-02-11T22:47:18.750Z', u'id': 6, u'clues_count': 5, u'title': u'""cat"" egory'}",1985-02-08T12:00:00.000Z,2014-02-11T22:47:19.015Z,It gets things going in a chemical reaction,2014-02-11T22:47:19.015Z,300,a catalyst,,6,,18
"{u'updated_at': u'2014-02-11T22:47:18.687Z', u'created_at': u'2014-02-11T22:47:18.687Z', u'id': 1, u'clues_count': 30, u'title': u'politics'}",1985-02-08T12:00:00.000Z,2014-02-11T22:47:19.026Z,The rooster was symbol of this party before Thomas Nast drew their new one in 1870,2014-02-11T22:47:19.026Z,400,the Democrats,,1,,19
"{u'updated_at': u'2014-02-11T22:47:18.706Z', u'created_at': u'2014-02-11T22:47:18.706Z', u'id': 2, u'clues_count': 45, u'title': u'baseball'}",1985-02-08T12:00:00.000Z,2014-02-11T22:47:19.037Z,"Boston's ""Green Monster"" is in this stadium",2014-02-11T22:47:19.037Z,400,Fenway Park,,2,,20
"{u'updated_at': u'2014-02-11T22:47:18.718Z', u'created_at': u'2014-02-11T22:47:18.718Z', u'id': 3, u'clues_count': 35, u'title': u'odd jobs'}",1985-02-08T12:00:00.000Z,2014-02-11T22:47:19.049Z,"Ub Iwerks, Friz Freleng & Tex Avery drew the line at this job",2014-02-11T22:47:19.049Z,400,cartoonists (or animators),,3,,21
"{u'updated_at': u'2014-02-11T22:47:18.728Z', u'created_at': u'2014-02-11T22:47:18.728Z', u'id': 4, u'clues_count': 55, u'title': u'movies'}",1985-02-08T12:00:00.000Z,2014-02-11T22:47:19.061Z,Mozart's middle name becomes a movie,2014-02-11T22:47:19.061Z,400,<i>Amadeus</i>,,4,,22
"{u'updated_at': u'2014-02-11T22:47:18.750Z', u'created_at': u'2014-02-11T22:47:18.750Z', u'id': 6, u'clues_count': 5, u'title': u'""cat"" egory'}",1985-02-08T12:00:00.000Z,2014-02-11T22:47:19.084Z,Elizabeth Taylor character that could have burnt her paws on a hot tin roof,2014-02-11T22:47:19.084Z,400,Maggie the Cat,,6,,24
"{u'updated_at': u'2014-02-11T22:47:18.687Z', u'created_at': u'2014-02-11T22:47:18.687Z', u'id': 1, u'clues_count': 30, u'title': u'politics'}",1985-02-08T12:00:00.000Z,2014-02-11T22:47:19.095Z,"He called himself ""the plain people's pres. against the privileged people's Congress""",2014-02-11T22:47:19.095Z,500,Harry S. Truman,,1,,25
"{u'updated_at': u'2014-02-11T22:47:18.706Z', u'created_at': u'2014-02-11T22:47:18.706Z', u'id': 2, u'clues_count': 45, u'title': u'baseball'}",1985-02-08T12:00:00.000Z,2014-02-11T22:47:19.107Z,"In '84, he became 1st manager to win over 100 games with teams in both Major Leagues",2014-02-11T22:47:19.107Z,500,Sparky Anderson,,2,,26
"{u'updated_at': u'2014-02-11T22:47:18.740Z', u'created_at': u'2014-02-11T22:47:18.740Z', u'id': 5, u'clues_count': 20, u'title': u'australia'}",1985-02-08T12:00:00.000Z,2014-02-11T22:47:19.140Z,,2014-02-11T22:47:19.140Z,,Sparky Anderson,,5,,29
"{u'updated_at': u'2014-02-11T22:47:18.750Z', u'created_at': u'2014-02-11T22:47:18.750Z', u'id': 6, u'clues_count': 5, u'title': u'""cat"" egory'}",1985-02-08T12:00:00.000Z,2014-02-11T22:47:19.151Z,"During one in a hospital, your brain should think ""cheese""",2014-02-11T22:47:19.151Z,500,a CAT scan,,6,,30
"{u'updated_at': u'2014-02-11T22:47:19.485Z', u'created_at': u'2014-02-11T22:47:19.485Z', u'id': 7, u'clues_count': 245, u'title': u'u.s. cities'}",1984-12-14T12:00:00.000Z,2014-02-11T22:47:19.557Z,Alaskan city renamed this because ships docked there,2014-02-11T22:47:19.557Z,100,Anchorage,,7,,31
"{u'updated_at': u'2014-02-11T22:47:19.499Z', u'created_at': u'2014-02-11T22:47:19.499Z', u'id': 8, u'clues_count': 35, u'title': u'time'}",1984-12-14T12:00:00.000Z,2014-02-11T22:47:19.570Z,Watch named for the vibrating crystal that runs it,2014-02-11T22:47:19.570Z,100,quartz,,8,,32
"{u'updated_at': u'2014-02-11T22:47:19.510Z', u'created_at': u'2014-02-11T22:47:19.510Z', u'id': 9, u'clues_count': 20, u'title': u'dining out'}",1984-12-14T12:00:00.000Z,2014-02-11T22:47:19.582Z,"Shortened from French meaning ""master of hotel"", he greets you & seats you",2014-02-11T22:47:19.582Z,100,maitre d\',,9,,33
"{u'updated_at': u'2014-02-11T22:47:19.520Z', u'created_at': u'2014-02-11T22:47:19.520Z', u'id': 10, u'clues_count': 92, u'title': u""children's literature""}",1984-12-14T12:00:00.000Z,2014-02-11T22:47:19.595Z,"Little girl who called ""Sunnybrook Farm"" home",2014-02-11T22:47:19.595Z,100,Rebecca,,10,,34
"{u'updated_at': u'2014-02-11T22:47:19.531Z', u'created_at': u'2014-02-11T22:47:19.531Z', u'id': 11, u'clues_count': 50, u'title': u'trivia'}",1984-12-14T12:00:00.000Z,2014-02-11T22:47:19.607Z,The order of works in a dictionary,2014-02-11T22:47:19.607Z,100,alphabetic,,11,,35
"{u'updated_at': u'2014-02-11T22:47:19.542Z', u'created_at': u'2014-02-11T22:47:19.542Z', u'id': 12, u'clues_count': 5, u'title': u'""ac""/""dc""'}",1984-12-14T12:00:00.000Z,2014-02-11T22:47:19.619Z,"For this perennial teen-ager, life's been one big ""Bandstand""",2014-02-11T22:47:19.619Z,100,Dick Clark,,12,,36
"{u'updated_at': u'2014-02-11T22:47:19.485Z', u'created_at': u'2014-02-11T22:47:19.485Z', u'id': 7, u'clues_count': 245, u'title': u'u.s. cities'}",1984-12-14T12:00:00.000Z,2014-02-11T22:47:19.665Z,"Colorado city whose name means ""town"" in Spanish",2014-02-11T22:47:19.665Z,200,Pueblo,,7,,37
"{u'updated_at': u'2014-02-11T22:47:19.499Z', u'created_at': u'2014-02-11T22:47:19.499Z', u'id': 8, u'clues_count': 35, u'title': u'time'}",1984-12-14T12:00:00.000Z,2014-02-11T22:47:19.677Z,"It ""comes in like a lion & goes out like a lamb""",2014-02-11T22:47:19.677Z,200,March,,8,,38
"{u'updated_at': u'2014-02-11T22:47:19.510Z', u'created_at': u'2014-02-11T22:47:19.510Z', u'id': 9, u'clues_count': 20, u'title': u'dining out'}",1984-12-14T12:00:00.000Z,2014-02-11T22:47:19.689Z,"If employed by Greyhound their motto might be ""Leave the clearing to us""",2014-02-11T22:47:19.689Z,200,busboys,,9,,39
"{u'updated_at': u'2014-02-11T22:47:19.520Z', u'created_at': u'2014-02-11T22:47:19.520Z', u'id': 10, u'clues_count': 92, u'title': u""children's literature""}",1984-12-14T12:00:00.000Z,2014-02-11T22:47:19.700Z,Hans Brinker's were silver,2014-02-11T22:47:19.700Z,200,ice skates,,10,,40
"{u'updated_at': u'2014-02-11T22:47:19.531Z', u'created_at': u'2014-02-11T22:47:19.531Z', u'id': 11, u'clues_count': 50, u'title': u'trivia'}",1984-12-14T12:00:00.000Z,2014-02-11T22:47:19.711Z,Party symbol 1st used by Andrew Jackson after opponents called him a jackass,2014-02-11T22:47:19.711Z,200,donkey,,11,,41
"{u'updated_at': u'2014-02-11T22:47:19.542Z', u'created_at': u'2014-02-11T22:47:19.542Z', u'id': 12, u'clues_count': 5, u'title': u'""ac""/""dc""'}",1984-12-14T12:00:00.000Z,2014-02-11T22:47:19.723Z,"He's the master of ""Masterpiece Theater""",2014-02-11T22:47:19.723Z,200,Alistair Cooke,,12,,42
"{u'updated_at': u'2014-02-11T22:47:19.485Z', u'created_at': u'2014-02-11T22:47:19.485Z', u'id': 7, u'clues_count': 245, u'title': u'u.s. cities'}",1984-12-14T12:00:00.000Z,2014-02-11T22:47:19.735Z,The city of Niagara Falls is its largest suburb,2014-02-11T22:47:19.735Z,300,Buffalo,,7,,43
"{u'updated_at': u'2014-02-11T22:47:19.499Z', u'created_at': u'2014-02-11T22:47:19.499Z', u'id': 8, u'clues_count': 35, u'title': u'time'}",1984-12-14T12:00:00.000Z,2014-02-11T22:47:19.747Z,Number of months with exactly 30 days,2014-02-11T22:47:19.747Z,300,4,,8,,44
"{u'updated_at': u'2014-02-11T22:47:19.510Z', u'created_at': u'2014-02-11T22:47:19.510Z', u'id': 9, u'clues_count': 20, u'title': u'dining out'}",1984-12-14T12:00:00.000Z,2014-02-11T22:47:19.760Z,"In Italian it's the course ordered ""before the meal""",2014-02-11T22:47:19.760Z,300,antipasto,,9,,45
"{u'updated_at': u'2014-02-11T22:47:19.520Z', u'created_at': u'2014-02-11T22:47:19.520Z', u'id': 10, u'clues_count': 92, u'title': u""children's literature""}",1984-12-14T12:00:00.000Z,2014-02-11T22:47:19.772Z,"As it called, it chanted, ""I think I can, I think I can""",2014-02-11T22:47:19.772Z,300,The Little Engine,,10,,46
"{u'updated_at': u'2014-02-11T22:47:19.542Z', u'created_at': u'2014-02-11T22:47:19.542Z', u'id': 12, u'clues_count': 5, u'title': u'""ac""/""dc""'}",1984-12-14T12:00:00.000Z,2014-02-11T22:47:19.796Z,She's the mother of Cary Grant's only child,2014-02-11T22:47:19.796Z,300,Dyan Cannon,,12,,48
"{u'updated_at': u'2014-02-11T22:47:19.485Z', u'created_at': u'2014-02-11T22:47:19.485Z', u'id': 7, u'clues_count': 245, u'title': u'u.s. cities'}",1984-12-14T12:00:00.000Z,2014-02-11T22:47:19.808Z,"Known for manufacturing grain silos, it's North Dakota's largest city",2014-02-11T22:47:19.808Z,400,Fargo,,7,,49
"{u'updated_at': u'2014-02-11T22:47:19.499Z', u'created_at': u'2014-02-11T22:47:19.499Z', u'id': 8, u'clues_count': 35, u'title': u'time'}",1984-12-14T12:00:00.000Z,2014-02-11T22:47:19.819Z,"Lucky children born that day are ""fair & wise & good & gay""",2014-02-11T22:47:19.819Z,400,Sunday,,8,,50
"{u'updated_at': u'2014-02-11T22:47:19.510Z', u'created_at': u'2014-02-11T22:47:19.510Z', u'id': 9, u'clues_count': 20, u'title': u'dining out'}",1984-12-14T12:00:00.000Z,2014-02-11T22:47:19.831Z,"As sommelier, he hopes to ply you with the finest vintage",2014-02-11T22:47:19.831Z,400,wine steward,,9,,51
"{u'updated_at': u'2014-02-11T22:47:19.520Z', u'created_at': u'2014-02-11T22:47:19.520Z', u'id': 10, u'clues_count': 92, u'title': u""children's literature""}",1984-12-14T12:00:00.000Z,2014-02-11T22:47:19.844Z,Enid Bagnold's book that became Liz Taylor's 1st starring vehicle,2014-02-11T22:47:19.844Z,400,<i>National Velvet</i>,,10,,52
"{u'updated_at': u'2014-02-11T22:47:19.531Z', u'created_at': u'2014-02-11T22:47:19.531Z', u'id': 11, u'clues_count': 50, u'title': u'trivia'}",1984-12-14T12:00:00.000Z,2014-02-11T22:47:19.855Z,,2014-02-11T22:47:19.855Z,,<i>National Velvet</i>,,11,,53
"{u'updated_at': u'2014-02-11T22:47:19.542Z', u'created_at': u'2014-02-11T22:47:19.542Z', u'id': 12, u'clues_count': 5, u'title': u'""ac""/""dc""'}",1984-12-14T12:00:00.000Z,2014-02-11T22:47:19.867Z,American sculptor known for his playful metal mobiles,2014-02-11T22:47:19.867Z,400,Alexander Calder,,12,,54
"{u'updated_at': u'2014-02-11T22:47:19.485Z', u'created_at': u'2014-02-11T22:47:19.485Z', u'id': 7, u'clues_count': 245, u'title': u'u.s. cities'}",1984-12-14T12:00:00.000Z,2014-02-11T22:47:19.878Z,"""Hub of the high plains"" Mac Davis saw it in his rearview mirror",2014-02-11T22:47:19.878Z,,"Lubbock, Texas",,7,,55
"{u'updated_at': u'2014-02-11T22:47:19.499Z', u'created_at': u'2014-02-11T22:47:19.499Z', u'id': 8, u'clues_count': 35, u'title': u'time'}",1984-12-14T12:00:00.000Z,2014-02-11T22:47:19.890Z,"Repeating group of days whose name means ""a turning"" in Old Norse",2014-02-11T22:47:19.890Z,500,week,,8,,56
"{u'updated_at': u'2014-02-11T22:47:19.510Z', u'created_at': u'2014-02-11T22:47:19.510Z', u'id': 9, u'clues_count': 20, u'title': u'dining out'}",1984-12-14T12:00:00.000Z,2014-02-11T22:47:19.902Z,,2014-02-11T22:47:19.902Z,,week,,9,,57
"{u'updated_at': u'2014-02-11T22:47:19.531Z', u'created_at': u'2014-02-11T22:47:19.531Z', u'id': 11, u'clues_count': 50, u'title': u'trivia'}",1984-12-14T12:00:00.000Z,2014-02-11T22:47:19.784Z,,2016-03-30T15:15:17.448Z,,The Little Engine,,11,1,47
"{u'updated_at': u'2014-02-11T22:47:19.520Z', u'created_at': u'2014-02-11T22:47:19.520Z', u'id': 10, u'clues_count': 92, u'title': u""children's literature""}",1984-12-14T12:00:00.000Z,2014-02-11T22:47:19.915Z,,2014-02-11T22:47:19.915Z,,week,,10,,58
"{u'updated_at': u'2014-02-11T22:47:18.718Z', u'created_at': u'2014-02-11T22:47:18.718Z', u'id': 3, u'clues_count': 35, u'title': u'odd jobs'}",1985-02-08T12:00:00.000Z,2014-02-11T22:47:19.118Z,,2019-05-03T14:06:12.516Z,,Sparky Anderson,,3,1,27
"{u'updated_at': u'2014-02-11T22:47:18.728Z', u'created_at': u'2014-02-11T22:47:18.728Z', u'id': 4, u'clues_count': 55, u'title': u'movies'}",1985-02-08T12:00:00.000Z,2014-02-11T22:47:19.129Z,,2019-05-03T14:08:51.169Z,,Sparky Anderson,,4,1,28
"{u'updated_at': u'2014-02-11T22:47:18.728Z', u'created_at': u'2014-02-11T22:47:18.728Z', u'id': 4, u'clues_count': 55, u'title': u'movies'}",1985-02-08T12:00:00.000Z,2014-02-11T22:47:18.854Z,"Subtitled ""The Search for Spock""",2019-07-25T06:24:45.974Z,100,<i>Star Trek III</i>,,4,1,4
"{u'updated_at': u'2014-02-11T22:47:19.531Z', u'created_at': u'2014-02-11T22:47:19.531Z', u'id': 11, u'clues_count': 50, u'title': u'trivia'}",1984-12-14T12:00:00.000Z,2014-02-11T22:47:19.928Z,,2014-02-11T22:47:19.928Z,,week,,11,,59
"{u'updated_at': u'2014-02-11T22:47:19.542Z', u'created_at': u'2014-02-11T22:47:19.542Z', u'id': 12, u'clues_count': 5, u'title': u'""ac""/""dc""'}",1984-12-14T12:00:00.000Z,2014-02-11T22:47:19.939Z,"Born Vincent Furnier, this flamboyant singer ""welcomed us to his nightmare"" in '75",2014-02-11T22:47:19.939Z,500,Alice Cooper,,12,,60
"{u'updated_at': u'2014-02-11T22:47:20.279Z', u'created_at': u'2014-02-11T22:47:20.279Z', u'id': 13, u'clues_count': 65, u'title': u'inventions'}",1984-12-12T12:00:00.000Z,2014-02-11T22:47:20.355Z,"""Fulton's Folly""",2014-02-11T22:47:20.355Z,100,a steamboat,,13,,61
"{u'updated_at': u'2014-02-11T22:47:20.291Z', u'created_at': u'2014-02-11T22:47:20.291Z', u'id': 14, u'clues_count': 5, u'title': u'ancient worlds'}",1984-12-12T12:00:00.000Z,2014-02-11T22:47:20.366Z,Where all roads were supposed to have led,2014-02-11T22:47:20.366Z,100,Rome,,14,,62
"{u'updated_at': u'2014-02-11T22:47:20.302Z', u'created_at': u'2014-02-11T22:47:20.302Z', u'id': 15, u'clues_count': 5, u'title': u'hollywood legends'}",1984-12-12T12:00:00.000Z,2014-02-11T22:47:20.377Z,Brando was 2 when his mom appeared on stage with this dad of Peter & Jane,2014-02-11T22:47:20.377Z,100,Henry Fonda,,15,,63
"{u'updated_at': u'2014-02-11T22:47:20.318Z', u'created_at': u'2014-02-11T22:47:20.318Z', u'id': 16, u'clues_count': 35, u'title': u'cars'}",1984-12-12T12:00:00.000Z,2014-02-11T22:47:20.389Z,Daimler & Benz borrowed this name from a friend's daughter,2014-02-11T22:47:20.389Z,100,Mercedes,,16,,64
"{u'updated_at': u'2014-02-11T22:47:20.329Z', u'created_at': u'2014-02-11T22:47:20.329Z', u'id': 17, u'clues_count': 110, u'title': u'u.s. states'}",1984-12-12T12:00:00.000Z,2014-02-11T22:47:20.400Z,The Empire State,2014-02-11T22:47:20.400Z,100,New York,,17,,65
"{u'updated_at': u'2014-02-11T22:47:20.340Z', u'created_at': u'2014-02-11T22:47:20.340Z', u'id': 18, u'clues_count': 5, u'title': u'""hard""'}",1984-12-12T12:00:00.000Z,2014-02-11T22:47:20.412Z,Fermented apple juice,2014-02-11T22:47:20.412Z,100,hard cider,,18,,66
"{u'updated_at': u'2014-02-11T22:47:20.279Z', u'created_at': u'2014-02-11T22:47:20.279Z', u'id': 13, u'clues_count': 65, u'title': u'inventions'}",1984-12-12T12:00:00.000Z,2014-02-11T22:47:20.424Z,"Early ones were called the ""hobby horse"", ""penny-farthing"" & ""high-wheeler""",2014-02-11T22:47:20.424Z,200,a bicycle,,13,,67
"{u'updated_at': u'2014-02-11T22:47:20.291Z', u'created_at': u'2014-02-11T22:47:20.291Z', u'id': 14, u'clues_count': 5, u'title': u'ancient worlds'}",1984-12-12T12:00:00.000Z,2014-02-11T22:47:20.443Z,"Its people called it ""kemet"", color of black, from land after flooding by Nile",2014-02-11T22:47:20.443Z,200,Egypt,,14,,68
"{u'updated_at': u'2014-02-11T22:47:20.302Z', u'created_at': u'2014-02-11T22:47:20.302Z', u'id': 15, u'clues_count': 5, u'title': u'hollywood legends'}",1984-12-12T12:00:00.000Z,2014-02-11T22:47:20.483Z,She won 8 Academy Awards with only her clothes appearing on screen,2014-02-11T22:47:20.483Z,200,Edith Head,,15,,69
"{u'updated_at': u'2014-02-11T22:47:20.318Z', u'created_at': u'2014-02-11T22:47:20.318Z', u'id': 16, u'clues_count': 35, u'title': u'cars'}",1984-12-12T12:00:00.000Z,2014-02-11T22:47:20.494Z,GM car named for Indian chief who tried to take Ft. Detroit,2014-02-11T22:47:20.494Z,200,Pontiac,,16,,70
"{u'updated_at': u'2014-02-11T22:47:20.329Z', u'created_at': u'2014-02-11T22:47:20.329Z', u'id': 17, u'clues_count': 110, u'title': u'u.s. states'}",1984-12-12T12:00:00.000Z,2014-02-11T22:47:20.505Z,The ceiling of its capitol features a lone star,2014-02-11T22:47:20.505Z,200,Texas,,17,,71
"{u'updated_at': u'2014-02-11T22:47:20.340Z', u'created_at': u'2014-02-11T22:47:20.340Z', u'id': 18, u'clues_count': 5, u'title': u'""hard""'}",1984-12-12T12:00:00.000Z,2014-02-11T22:47:20.517Z,"Descriptive of Mike Hammer, Private Eye, or a 20-minute egg",2014-02-11T22:47:20.517Z,200,hard-boiled,,18,,72
"{u'updated_at': u'2014-02-11T22:47:20.279Z', u'created_at': u'2014-02-11T22:47:20.279Z', u'id': 13, u'clues_count': 65, u'title': u'inventions'}",1984-12-12T12:00:00.000Z,2014-02-11T22:47:20.528Z,1899 device for attaching papers that can ruin a computer disc when magnetized,2014-02-11T22:47:20.528Z,300,a paper clip,,13,,73
"{u'updated_at': u'2014-02-11T22:47:20.291Z', u'created_at': u'2014-02-11T22:47:20.291Z', u'id': 14, u'clues_count': 5, u'title': u'ancient worlds'}",1984-12-12T12:00:00.000Z,2014-02-11T22:47:20.540Z,Followed the Stone Age; named for copper alloy people used for tools & weapons,2014-02-11T22:47:20.540Z,300,the Bronze Age,,14,,74
"{u'updated_at': u'2014-02-11T22:47:20.302Z', u'created_at': u'2014-02-11T22:47:20.302Z', u'id': 15, u'clues_count': 5, u'title': u'hollywood legends'}",1984-12-12T12:00:00.000Z,2014-02-11T22:47:20.551Z,"The 3 stars of ""Rebel Without a Cause"" who met with untimely deaths",2014-02-11T22:47:20.551Z,,"Natalie Wood, James Dean, and Sal Mineo",,15,,75
"{u'updated_at': u'2014-02-11T22:47:20.318Z', u'created_at': u'2014-02-11T22:47:20.318Z', u'id': 16, u'clues_count': 35, u'title': u'cars'}",1984-12-12T12:00:00.000Z,2014-02-11T22:47:20.562Z,What BMW stands for,2014-02-11T22:47:20.562Z,300,Bavarian Motor Works,,16,,76
"{u'updated_at': u'2014-02-11T22:47:20.329Z', u'created_at': u'2014-02-11T22:47:20.329Z', u'id': 17, u'clues_count': 110, u'title': u'u.s. states'}",1984-12-12T12:00:00.000Z,2014-02-11T22:47:20.573Z,"Only U.S. state with a ""Z"" in its name",2014-02-11T22:47:20.573Z,300,Arizona,,17,,77
"{u'updated_at': u'2014-02-11T22:47:20.340Z', u'created_at': u'2014-02-11T22:47:20.340Z', u'id': 18, u'clues_count': 5, u'title': u'""hard""'}",1984-12-12T12:00:00.000Z,2014-02-11T22:47:20.584Z,Reason people used to stick a trumpet in their ear,2014-02-11T22:47:20.584Z,300,hard of hearing,,18,,78
"{u'updated_at': u'2014-02-11T22:47:20.279Z', u'created_at': u'2014-02-11T22:47:20.279Z', u'id': 13, u'clues_count': 65, u'title': u'inventions'}",1984-12-12T12:00:00.000Z,2014-02-11T22:47:20.595Z,"After inventing the lever & pulley, this Greek said, ""I will move the Earth""",2014-02-11T22:47:20.595Z,400,Archimedes,,13,,79
"{u'updated_at': u'2014-02-11T22:47:20.291Z', u'created_at': u'2014-02-11T22:47:20.291Z', u'id': 14, u'clues_count': 5, u'title': u'ancient worlds'}",1984-12-12T12:00:00.000Z,2014-02-11T22:47:20.607Z,The Chinese once regarded calligraphy as a branch of this art,2014-02-11T22:47:20.607Z,400,painting,,14,,80
"{u'updated_at': u'2014-02-11T22:47:20.302Z', u'created_at': u'2014-02-11T22:47:20.302Z', u'id': 15, u'clues_count': 5, u'title': u'hollywood legends'}",1984-12-12T12:00:00.000Z,2014-02-11T22:47:20.618Z,"In her 1st film she sang with ""Alfalfa"" Switzer; in her next, she was paired with Lassie",2014-02-11T22:47:20.618Z,400,Elizabeth Taylor,,15,,81
"{u'updated_at': u'2014-02-11T22:47:20.329Z', u'created_at': u'2014-02-11T22:47:20.329Z', u'id': 17, u'clues_count': 110, u'title': u'u.s. states'}",1984-12-12T12:00:00.000Z,2014-02-11T22:47:20.642Z,The New England state without an Atlantic Ocean coastline,2014-02-11T22:47:20.642Z,400,Vermont,,17,,83
"{u'updated_at': u'2014-02-11T22:47:20.340Z', u'created_at': u'2014-02-11T22:47:20.340Z', u'id': 18, u'clues_count': 5, u'title': u'""hard""'}",1984-12-12T12:00:00.000Z,2014-02-11T22:47:20.653Z,TV role Brian Keith judged OK to play,2014-02-11T22:47:20.653Z,400,Hardcastle,,18,,84
"{u'updated_at': u'2014-02-11T22:47:20.279Z', u'created_at': u'2014-02-11T22:47:20.279Z', u'id': 13, u'clues_count': 65, u'title': u'inventions'}",1984-12-12T12:00:00.000Z,2014-02-11T22:47:20.664Z,"1st one to attempt sinking a warship was the ""Turtle"" in the Revolutionary War",2014-02-11T22:47:20.664Z,500,a submarine,,13,,85
"{u'updated_at': u'2014-02-11T22:47:20.291Z', u'created_at': u'2014-02-11T22:47:20.291Z', u'id': 14, u'clues_count': 5, u'title': u'ancient worlds'}",1984-12-12T12:00:00.000Z,2014-02-11T22:47:20.675Z,Civilization of sailors that developed 1st Western alphabet,2014-02-11T22:47:20.675Z,500,the Phoenicians,,14,,86
"{u'updated_at': u'2014-02-11T22:47:20.302Z', u'created_at': u'2014-02-11T22:47:20.302Z', u'id': 15, u'clues_count': 5, u'title': u'hollywood legends'}",1984-12-12T12:00:00.000Z,2014-02-11T22:47:20.687Z,"Oliver Hardy's co-star in ""The Fighting Kentuckian""",2014-02-11T22:47:20.687Z,500,John Wayne,,15,,87
"{u'updated_at': u'2014-02-11T22:47:20.318Z', u'created_at': u'2014-02-11T22:47:20.318Z', u'id': 16, u'clues_count': 35, u'title': u'cars'}",1984-12-12T12:00:00.000Z,2014-02-11T22:47:20.699Z,,2014-02-11T22:47:20.699Z,,John Wayne,,16,,88
"{u'updated_at': u'2014-02-11T22:47:20.329Z', u'created_at': u'2014-02-11T22:47:20.329Z', u'id': 17, u'clues_count': 110, u'title': u'u.s. states'}",1984-12-12T12:00:00.000Z,2014-02-11T22:47:20.711Z,"8th state of the Union, it was the 1st state to secede",2014-02-11T22:47:20.711Z,500,South Carolina,,17,,89
"{u'updated_at': u'2014-02-11T22:47:20.340Z', u'created_at': u'2014-02-11T22:47:20.340Z', u'id': 18, u'clues_count': 5, u'title': u'""hard""'}",1984-12-12T12:00:00.000Z,2014-02-11T22:47:20.723Z,"Album & film featuring ""Tell Me Why"" & ""You Can't Do That""",2014-02-11T22:47:20.723Z,500,<i>A Hard Day\'s Night</i>,,18,,90
"{u'updated_at': u'2014-02-11T22:47:21.054Z', u'created_at': u'2014-02-11T22:47:21.054Z', u'id': 20, u'clues_count': 20, u'title': u'comedians'}",1984-12-11T12:00:00.000Z,2014-02-11T22:47:21.122Z,"Comic whose ""Trial by Fire"" fueled his comedy routines",2014-02-11T22:47:21.122Z,100,Richard Pryor,,20,,92
"{u'updated_at': u'2014-02-11T22:47:21.065Z', u'created_at': u'2014-02-11T22:47:21.065Z', u'id': 21, u'clues_count': 260, u'title': u'animals'}",1984-12-11T12:00:00.000Z,2014-02-11T22:47:21.133Z,"""Sly"" creature sought by sportsmen riding to hounds",2014-02-11T22:47:21.133Z,100,a fox,,21,,93
"{u'updated_at': u'2014-02-11T22:47:21.076Z', u'created_at': u'2014-02-11T22:47:21.076Z', u'id': 22, u'clues_count': 20, u'title': u'number please'}",1984-12-11T12:00:00.000Z,2014-02-11T22:47:21.144Z,,2014-02-11T22:47:21.144Z,,a fox,,22,,94
"{u'updated_at': u'2014-02-11T22:47:21.086Z', u'created_at': u'2014-02-11T22:47:21.086Z', u'id': 23, u'clues_count': 70, u'title': u'awards'}",1984-12-11T12:00:00.000Z,2014-02-11T22:47:21.156Z,British decoration named for former queen,2014-02-11T22:47:21.156Z,100,Victoria Cross,,23,,95
"{u'updated_at': u'2014-02-11T22:47:21.096Z', u'created_at': u'2014-02-11T22:47:21.096Z', u'id': 24, u'clues_count': 30, u'title': u'movie trivia'}",1984-12-11T12:00:00.000Z,2014-02-11T22:47:21.168Z,"What Paul Newman's ""Hustler"" hustled",2014-02-11T22:47:21.168Z,100,pool,,24,,96
"{u'updated_at': u'2014-02-11T22:47:21.043Z', u'created_at': u'2014-02-11T22:47:21.043Z', u'id': 19, u'clues_count': 65, u'title': u'landmarks'}",1984-12-11T12:00:00.000Z,2014-02-11T22:47:21.181Z,"De""faced"" by sand & invading armies, it crouches near the Great Pyramids",2014-02-11T22:47:21.181Z,200,the Sphinx,,19,,97
"{u'updated_at': u'2014-02-11T22:47:21.054Z', u'created_at': u'2014-02-11T22:47:21.054Z', u'id': 20, u'clues_count': 20, u'title': u'comedians'}",1984-12-11T12:00:00.000Z,2014-02-11T22:47:21.195Z,"Master of the pause followed by ""Now cut that out!""",2014-02-11T22:47:21.195Z,200,Jack Benny,,20,,98
"{u'updated_at': u'2014-02-11T22:47:21.065Z', u'created_at': u'2014-02-11T22:47:21.065Z', u'id': 21, u'clues_count': 260, u'title': u'animals'}",1984-12-11T12:00:00.000Z,2014-02-11T22:47:21.207Z,"The ""ship of the desert""",2014-02-11T22:47:21.207Z,200,a camel,,21,,99
"{u'updated_at': u'2014-02-11T22:47:21.076Z', u'created_at': u'2014-02-11T22:47:21.076Z', u'id': 22, u'clues_count': 20, u'title': u'number please'}",1984-12-11T12:00:00.000Z,2014-02-11T22:47:21.220Z,,2014-02-11T22:47:21.220Z,,a camel,,22,,100
"{u'updated_at': u'2014-02-11T22:47:21.086Z', u'created_at': u'2014-02-11T22:47:21.086Z', u'id': 23, u'clues_count': 70, u'title': u'awards'}",1984-12-11T12:00:00.000Z,2014-02-11T22:47:21.232Z,Since '32 the U.S. Badge of Military Merit has had this colorful name,2014-02-11T22:47:21.232Z,200,the Purple Heart,,23,,101
"{u'updated_at': u'2014-02-11T22:47:21.096Z', u'created_at': u'2014-02-11T22:47:21.096Z', u'id': 24, u'clues_count': 30, u'title': u'movie trivia'}",1984-12-11T12:00:00.000Z,2014-02-11T22:47:21.244Z,"Subtitled ""How I Learned to Stop Worrying & Love the Bomb""",2014-02-11T22:47:21.244Z,200,<i>Dr. Strangelove</i>,,24,,102
"{u'updated_at': u'2014-02-11T22:47:21.043Z', u'created_at': u'2014-02-11T22:47:21.043Z', u'id': 19, u'clues_count': 65, u'title': u'landmarks'}",1984-12-11T12:00:00.000Z,2014-02-11T22:47:21.255Z,His statue is atop Philadelphia's City Hall,2014-02-11T22:47:21.255Z,300,William Penn,,19,,103
"{u'updated_at': u'2014-02-11T22:47:21.054Z', u'created_at': u'2014-02-11T22:47:21.054Z', u'id': 20, u'clues_count': 20, u'title': u'comedians'}",1984-12-11T12:00:00.000Z,2014-02-11T22:47:21.294Z,"Pat Paulsen ran for president on their controversial ""Comedy Hour""",2014-02-11T22:47:21.294Z,300,the Smothers Brothers,,20,,104
"{u'updated_at': u'2014-02-11T22:47:21.065Z', u'created_at': u'2014-02-11T22:47:21.065Z', u'id': 21, u'clues_count': 260, u'title': u'animals'}",1984-12-11T12:00:00.000Z,2014-02-11T22:47:21.306Z,"The children are poults, the mothers, hens & the fathers,toms",2014-02-11T22:47:21.306Z,300,turkeys,,21,,105
"{u'updated_at': u'2014-02-11T22:47:21.076Z', u'created_at': u'2014-02-11T22:47:21.076Z', u'id': 22, u'clues_count': 20, u'title': u'number please'}",1984-12-11T12:00:00.000Z,2014-02-11T22:47:21.318Z,,2014-02-11T22:47:21.318Z,,turkeys,,22,,106
"{u'updated_at': u'2014-02-11T22:47:21.086Z', u'created_at': u'2014-02-11T22:47:21.086Z', u'id': 23, u'clues_count': 70, u'title': u'awards'}",1984-12-11T12:00:00.000Z,2014-02-11T22:47:21.329Z,This prize did not have an economics category until '69,2014-02-11T22:47:21.329Z,300,the Nobel Prize,,23,,107
"{u'updated_at': u'2014-02-11T22:47:21.096Z', u'created_at': u'2014-02-11T22:47:21.096Z', u'id': 24, u'clues_count': 30, u'title': u'movie trivia'}",1984-12-11T12:00:00.000Z,2014-02-11T22:47:21.340Z,"1949's Best Picture, its title came from ""Humpty Dumpty""",2014-02-11T22:47:21.340Z,300,<i>All the King\'s Men</i>,,24,,108
"{u'updated_at': u'2014-02-11T22:47:21.043Z', u'created_at': u'2014-02-11T22:47:21.043Z', u'id': 19, u'clues_count': 65, u'title': u'landmarks'}",1984-12-11T12:00:00.000Z,2014-02-11T22:47:21.351Z,France's Unknown Soldier lies beneath this Champs-Elysses landmark,2014-02-11T22:47:21.351Z,400,the Arc de Triomphe,,19,,109
"{u'updated_at': u'2014-02-11T22:47:21.054Z', u'created_at': u'2014-02-11T22:47:21.054Z', u'id': 20, u'clues_count': 20, u'title': u'comedians'}",1984-12-11T12:00:00.000Z,2014-02-11T22:47:21.362Z,"After playing the nightclub circuit, he broke into movies with ""What's New, Pussycat?""",2014-02-11T22:47:21.362Z,400,Woody Allen,,20,,110
"{u'updated_at': u'2014-02-11T22:47:21.065Z', u'created_at': u'2014-02-11T22:47:21.065Z', u'id': 21, u'clues_count': 260, u'title': u'animals'}",1984-12-11T12:00:00.000Z,2014-02-11T22:47:21.374Z,Name of the sport of hunting birds with other birds,2014-02-11T22:47:21.374Z,400,falconry,,21,,111
"{u'updated_at': u'2014-02-11T22:47:21.076Z', u'created_at': u'2014-02-11T22:47:21.076Z', u'id': 22, u'clues_count': 20, u'title': u'number please'}",1984-12-11T12:00:00.000Z,2014-02-11T22:47:21.385Z,,2014-02-11T22:47:21.385Z,,falconry,,22,,112
"{u'updated_at': u'2014-02-11T22:47:21.086Z', u'created_at': u'2014-02-11T22:47:21.086Z', u'id': 23, u'clues_count': 70, u'title': u'awards'}",1984-12-11T12:00:00.000Z,2014-02-11T22:47:21.396Z,"26 years after writing it for the stage, he won Oscar for the screenplay ""Pygmalion""",2014-02-11T22:47:21.396Z,400,George Bernard Shaw,,23,,113
"{u'updated_at': u'2014-02-11T22:47:21.096Z', u'created_at': u'2014-02-11T22:47:21.096Z', u'id': 24, u'clues_count': 30, u'title': u'movie trivia'}",1984-12-11T12:00:00.000Z,2014-02-11T22:47:21.407Z,"He sang his way to an Oscar in ""Cabaret"":",2014-02-11T22:47:21.407Z,,Joel Grey,,24,,114
"{u'updated_at': u'2014-02-11T22:47:24.090Z', u'created_at': u'2014-02-11T22:47:24.090Z', u'id': 43, u'clues_count': 20, u'title': u'foreign cuisine'}",1984-12-05T12:00:00.000Z,2014-02-11T22:47:24.467Z,City Wiener Schnitzel is named for,2014-02-11T22:47:24.467Z,400,Vienna,,43,,231
"{u'updated_at': u'2014-02-11T22:47:21.043Z', u'created_at': u'2014-02-11T22:47:21.043Z', u'id': 19, u'clues_count': 65, u'title': u'landmarks'}",1984-12-11T12:00:00.000Z,2014-02-11T22:47:21.419Z,The date on the tablet held by the Statue of Liberty,2014-02-11T22:47:21.419Z,500,"July 4, 1776",,19,,115
"{u'updated_at': u'2014-02-11T22:47:21.054Z', u'created_at': u'2014-02-11T22:47:21.054Z', u'id': 20, u'clues_count': 20, u'title': u'comedians'}",1984-12-11T12:00:00.000Z,2014-02-11T22:47:21.430Z,"Though originally a comic, he was 1st black regular on a U.S. dramatic TV series",2014-02-11T22:47:21.430Z,500,Bill Cosby,,20,,116
"{u'updated_at': u'2014-02-11T22:47:21.065Z', u'created_at': u'2014-02-11T22:47:21.065Z', u'id': 21, u'clues_count': 260, u'title': u'animals'}",1984-12-11T12:00:00.000Z,2014-02-11T22:47:21.441Z,Floating sea creature named by sailors for the Iberian fighting ship it resembles,2014-02-11T22:47:21.441Z,500,the Portuguese man-of-war,,21,,117
"{u'updated_at': u'2014-02-11T22:47:21.076Z', u'created_at': u'2014-02-11T22:47:21.076Z', u'id': 22, u'clues_count': 20, u'title': u'number please'}",1984-12-11T12:00:00.000Z,2014-02-11T22:47:21.452Z,,2014-02-11T22:47:21.452Z,,the Portuguese man-of-war,,22,,118
"{u'updated_at': u'2014-02-11T22:47:21.086Z', u'created_at': u'2014-02-11T22:47:21.086Z', u'id': 23, u'clues_count': 70, u'title': u'awards'}",1984-12-11T12:00:00.000Z,2014-02-11T22:47:21.463Z,"He may disagree with Gene Siskel, but he won '75 Pulitzer Prize for Film Criticism",2014-02-11T22:47:21.463Z,500,Roger Ebert,,23,,119
"{u'updated_at': u'2014-02-11T22:47:21.096Z', u'created_at': u'2014-02-11T22:47:21.096Z', u'id': 24, u'clues_count': 30, u'title': u'movie trivia'}",1984-12-11T12:00:00.000Z,2014-02-11T22:47:21.474Z,"Ironically, he spoke the only word in Mel Brooks' ""Silent Movie""",2014-02-11T22:47:21.474Z,500,Marcel Marceau,,24,,120
"{u'updated_at': u'2014-02-11T22:47:21.788Z', u'created_at': u'2014-02-11T22:47:21.788Z', u'id': 25, u'clues_count': 250, u'title': u'science'}",1984-12-10T12:00:00.000Z,2014-02-11T22:47:21.853Z,A typical snowflake has this many sides,2014-02-11T22:47:21.853Z,100,6,,25,,121
"{u'updated_at': u'2014-02-11T22:47:21.800Z', u'created_at': u'2014-02-11T22:47:21.800Z', u'id': 26, u'clues_count': 125, u'title': u'fashion'}",1984-12-10T12:00:00.000Z,2014-02-11T22:47:21.864Z,"Named for an island, these '50s shorts are fashionable again",2014-02-11T22:47:21.864Z,100,Bermuda shorts,,26,,122
"{u'updated_at': u'2014-02-11T22:47:21.811Z', u'created_at': u'2014-02-11T22:47:21.811Z', u'id': 27, u'clues_count': 30, u'title': u'silly songs'}",1984-12-10T12:00:00.000Z,2014-02-11T22:47:21.876Z,,2014-02-11T22:47:21.876Z,,Bermuda shorts,,27,,123
"{u'updated_at': u'2014-02-11T22:47:21.823Z', u'created_at': u'2014-02-11T22:47:21.823Z', u'id': 28, u'clues_count': 15, u'title': u'presidential firsts'}",1984-12-10T12:00:00.000Z,2014-02-11T22:47:21.887Z,"Though Detective Pinkerton saved him once, he later became 1st assassinated president",2014-02-11T22:47:21.887Z,100,Abraham Lincoln,,28,,124
"{u'updated_at': u'2014-02-11T22:47:18.728Z', u'created_at': u'2014-02-11T22:47:18.728Z', u'id': 4, u'clues_count': 55, u'title': u'movies'}",1984-12-10T12:00:00.000Z,2014-02-11T22:47:21.898Z,"Police equipment featured in ads for Clint Eastwood's ""Tightrope""",2014-02-11T22:47:21.898Z,100,handcuffs,,4,,125
"{u'updated_at': u'2014-02-11T22:47:21.837Z', u'created_at': u'2014-02-11T22:47:21.837Z', u'id': 29, u'clues_count': 5, u'title': u'""andy""'}",1984-12-10T12:00:00.000Z,2014-02-11T22:47:21.910Z,The black & white bear of Walter Lantz cartoons,2014-02-11T22:47:21.910Z,100,Andy Panda,,29,,126
"{u'updated_at': u'2014-02-11T22:47:21.788Z', u'created_at': u'2014-02-11T22:47:21.788Z', u'id': 25, u'clues_count': 250, u'title': u'science'}",1984-12-10T12:00:00.000Z,2014-02-11T22:47:21.921Z,"Common element whose refined forms include pig, cast or wrought",2014-02-11T22:47:21.921Z,200,iron,,25,,127
"{u'updated_at': u'2014-02-11T22:47:21.800Z', u'created_at': u'2014-02-11T22:47:21.800Z', u'id': 26, u'clues_count': 125, u'title': u'fashion'}",1984-12-10T12:00:00.000Z,2014-02-11T22:47:21.933Z,Howard Hughes designed a cantilevered one for voluptuous Jane Russell,2014-02-11T22:47:21.933Z,200,a brassiere,,26,,128
"{u'updated_at': u'2014-02-11T22:47:21.811Z', u'created_at': u'2014-02-11T22:47:21.811Z', u'id': 27, u'clues_count': 30, u'title': u'silly songs'}",1984-12-10T12:00:00.000Z,2014-02-11T22:47:21.944Z,"Kind of people Randy Newman ""don't want"" ""'round here""",2014-02-11T22:47:21.944Z,200,short people,,27,,129
"{u'updated_at': u'2014-02-11T22:47:21.823Z', u'created_at': u'2014-02-11T22:47:21.823Z', u'id': 28, u'clues_count': 15, u'title': u'presidential firsts'}",1984-12-10T12:00:00.000Z,2014-02-11T22:47:21.955Z,"Second U.S. president, he was the 1st defeated for re-election",2014-02-11T22:47:21.955Z,200,John Adams,,28,,130
"{u'updated_at': u'2014-02-11T22:47:18.728Z', u'created_at': u'2014-02-11T22:47:18.728Z', u'id': 4, u'clues_count': 55, u'title': u'movies'}",1984-12-10T12:00:00.000Z,2014-02-11T22:47:21.967Z,"Bo Derek film released unrated so it wouldn't get an ""X""",2014-02-11T22:47:21.967Z,200,<i>Bolero</i>,,4,,131
"{u'updated_at': u'2014-02-11T22:47:21.837Z', u'created_at': u'2014-02-11T22:47:21.837Z', u'id': 29, u'clues_count': 5, u'title': u'""andy""'}",1984-12-10T12:00:00.000Z,2014-02-11T22:47:21.979Z,"""A Family Affair"" was the 1st of 15 films in this Mickey Rooney series",2014-02-11T22:47:21.979Z,200,the Andy Hardy series,,29,,132
"{u'updated_at': u'2014-02-11T22:47:21.788Z', u'created_at': u'2014-02-11T22:47:21.788Z', u'id': 25, u'clues_count': 250, u'title': u'science'}",1984-12-10T12:00:00.000Z,2014-02-11T22:47:21.991Z,"After length, width & depth, the 4th dimension",2014-02-11T22:47:21.991Z,300,time,,25,,133
"{u'updated_at': u'2014-02-11T22:47:21.800Z', u'created_at': u'2014-02-11T22:47:21.800Z', u'id': 26, u'clues_count': 125, u'title': u'fashion'}",1984-12-10T12:00:00.000Z,2014-02-11T22:47:22.004Z,"""Edible"" name for a double-breasted wool navy jacket",2014-02-11T22:47:22.004Z,300,a pea jacket,,26,,134
"{u'updated_at': u'2014-02-11T22:47:21.811Z', u'created_at': u'2014-02-11T22:47:21.811Z', u'id': 27, u'clues_count': 30, u'title': u'silly songs'}",1984-12-10T12:00:00.000Z,2014-02-11T22:47:22.017Z,,2014-02-11T22:47:22.017Z,,a pea jacket,,27,,135
"{u'updated_at': u'2014-02-11T22:47:21.823Z', u'created_at': u'2014-02-11T22:47:21.823Z', u'id': 28, u'clues_count': 15, u'title': u'presidential firsts'}",1984-12-10T12:00:00.000Z,2014-02-11T22:47:22.030Z,1st president to refuse a 3rd term,2014-02-11T22:47:22.030Z,300,George Washington,,28,,136
"{u'updated_at': u'2014-02-11T22:47:18.728Z', u'created_at': u'2014-02-11T22:47:18.728Z', u'id': 4, u'clues_count': 55, u'title': u'movies'}",1984-12-10T12:00:00.000Z,2014-02-11T22:47:22.044Z,"""Flashdance"" song whose lyrics were changed to make a mad killer a mad dancer",2014-02-11T22:47:22.044Z,300,"""Maniac""",,4,,137
"{u'updated_at': u'2014-02-11T22:47:21.837Z', u'created_at': u'2014-02-11T22:47:21.837Z', u'id': 29, u'clues_count': 5, u'title': u'""andy""'}",1984-12-10T12:00:00.000Z,2014-02-11T22:47:22.057Z,Reg Smythe's pub-crawling comic strip husband of Flo,2014-02-11T22:47:22.057Z,300,Andy Capp,,29,,138
"{u'updated_at': u'2014-02-11T22:47:21.788Z', u'created_at': u'2014-02-11T22:47:21.788Z', u'id': 25, u'clues_count': 250, u'title': u'science'}",1984-12-10T12:00:00.000Z,2014-02-11T22:47:22.109Z,"Type of organism that lives off of another, contributing nothing",2014-02-11T22:47:22.109Z,400,a parasite,,25,,139
"{u'updated_at': u'2014-02-11T22:47:21.800Z', u'created_at': u'2014-02-11T22:47:21.800Z', u'id': 26, u'clues_count': 125, u'title': u'fashion'}",1984-12-10T12:00:00.000Z,2014-02-11T22:47:22.122Z,Teenagers' tooth wear or what the British call suspenders,2014-02-11T22:47:22.122Z,400,braces,,26,,140
"{u'updated_at': u'2014-02-11T22:47:21.823Z', u'created_at': u'2014-02-11T22:47:21.823Z', u'id': 28, u'clues_count': 15, u'title': u'presidential firsts'}",1984-12-10T12:00:00.000Z,2014-02-11T22:47:22.145Z,,2014-02-11T22:47:22.145Z,,braces,,28,,142
"{u'updated_at': u'2014-02-11T22:47:18.728Z', u'created_at': u'2014-02-11T22:47:18.728Z', u'id': 4, u'clues_count': 55, u'title': u'movies'}",1984-12-10T12:00:00.000Z,2014-02-11T22:47:22.158Z,"Gene Wilder's remake of the '77 French comedy ""Pardon mon Affaire""",2014-02-11T22:47:22.158Z,400,<i>The Woman in Red</i>,,4,,143
"{u'updated_at': u'2014-02-11T22:47:21.837Z', u'created_at': u'2014-02-11T22:47:21.837Z', u'id': 29, u'clues_count': 5, u'title': u'""andy""'}",1984-12-10T12:00:00.000Z,2014-02-11T22:47:22.169Z,Donny Osmond made his debut at the age of 4 on his show,2014-02-11T22:47:22.169Z,400,<i>The Andy Williams Show</i>,,29,,144
"{u'updated_at': u'2014-02-11T22:47:21.788Z', u'created_at': u'2014-02-11T22:47:21.788Z', u'id': 25, u'clues_count': 250, u'title': u'science'}",1984-12-10T12:00:00.000Z,2014-02-11T22:47:22.181Z,Shattering sound that accompanies breaking the sound barrier,2014-02-11T22:47:22.181Z,500,a sonic boom,,25,,145
"{u'updated_at': u'2014-02-11T22:47:21.800Z', u'created_at': u'2014-02-11T22:47:21.800Z', u'id': 26, u'clues_count': 125, u'title': u'fashion'}",1984-12-10T12:00:00.000Z,2014-02-11T22:47:22.192Z,Penitents once wore this rough cloth with ashes,2014-02-11T22:47:22.192Z,500,a sackcloth,,26,,146
"{u'updated_at': u'2014-02-11T22:47:21.811Z', u'created_at': u'2014-02-11T22:47:21.811Z', u'id': 27, u'clues_count': 30, u'title': u'silly songs'}",1984-12-10T12:00:00.000Z,2014-02-11T22:47:22.203Z,,2014-02-11T22:47:22.203Z,,a sackcloth,,27,,147
"{u'updated_at': u'2014-02-11T22:47:21.823Z', u'created_at': u'2014-02-11T22:47:21.823Z', u'id': 28, u'clues_count': 15, u'title': u'presidential firsts'}",1984-12-10T12:00:00.000Z,2014-02-11T22:47:22.215Z,,2014-02-11T22:47:22.215Z,,a sackcloth,,28,,148
"{u'updated_at': u'2014-02-11T22:47:18.728Z', u'created_at': u'2014-02-11T22:47:18.728Z', u'id': 4, u'clues_count': 55, u'title': u'movies'}",1984-12-10T12:00:00.000Z,2014-02-11T22:47:22.228Z,"""Taxi"" reverend who played bad guys in ""Star Trek III"" & ""Buckaroo Banzai""",2014-02-11T22:47:22.228Z,500,Christopher Lloyd,,4,,149
"{u'updated_at': u'2014-02-11T22:47:21.837Z', u'created_at': u'2014-02-11T22:47:21.837Z', u'id': 29, u'clues_count': 5, u'title': u'""andy""'}",1984-12-10T12:00:00.000Z,2014-02-11T22:47:22.240Z,An 8-hour static film of the Empire State Building was done by this pop artist,2014-02-11T22:47:22.240Z,500,Andy Warhol,,29,,150
"{u'updated_at': u'2014-02-11T22:47:20.329Z', u'created_at': u'2014-02-11T22:47:20.329Z', u'id': 17, u'clues_count': 110, u'title': u'u.s. states'}",1984-12-07T12:00:00.000Z,2014-02-11T22:47:22.633Z,The 2 states that don't border any others,2014-02-11T22:47:22.633Z,100,Alaska and Hawaii,,17,,151
"{u'updated_at': u'2014-02-11T22:47:22.573Z', u'created_at': u'2014-02-11T22:47:22.573Z', u'id': 30, u'clues_count': 20, u'title': u'starts with ""b""'}",1984-12-07T12:00:00.000Z,2014-02-11T22:47:22.646Z,Goodyear's gasbag,2014-02-11T22:47:22.646Z,100,the blimp,,30,,152
"{u'updated_at': u'2014-02-11T22:47:22.585Z', u'created_at': u'2014-02-11T22:47:22.585Z', u'id': 31, u'clues_count': 225, u'title': u'the bible'}",1984-12-07T12:00:00.000Z,2014-02-11T22:47:22.657Z,The 2nd book of the Old Testament,2014-02-11T22:47:22.657Z,100,Exodus,,31,,153
"{u'updated_at': u'2014-02-11T22:47:22.596Z', u'created_at': u'2014-02-11T22:47:22.596Z', u'id': 32, u'clues_count': 90, u'title': u'toys & games'}",1984-12-07T12:00:00.000Z,2014-02-11T22:47:22.669Z,"Parker Bros, has made balls, boomerangs & ping pong paddles out of this soft material",2014-02-11T22:47:22.669Z,100,Nerf (or foam rubber),,32,,154
"{u'updated_at': u'2014-02-11T22:47:22.606Z', u'created_at': u'2014-02-11T22:47:22.606Z', u'id': 33, u'clues_count': 5, u'title': u'water sports'}",1984-12-07T12:00:00.000Z,2014-02-11T22:47:22.680Z,"Cypress Gardens show done on water, not on snow",2014-02-11T22:47:22.680Z,100,water skiing,,33,,155
"{u'updated_at': u'2014-02-11T22:47:22.617Z', u'created_at': u'2014-02-11T22:47:22.617Z', u'id': 34, u'clues_count': 15, u'title': u'all that jazz'}",1984-12-07T12:00:00.000Z,2014-02-11T22:47:22.693Z,"What ""Satchmo"" played",2014-02-11T22:47:22.693Z,100,the trumpet,,34,,156
"{u'updated_at': u'2014-02-11T22:47:20.329Z', u'created_at': u'2014-02-11T22:47:20.329Z', u'id': 17, u'clues_count': 110, u'title': u'u.s. states'}",1984-12-07T12:00:00.000Z,2014-02-11T22:47:22.705Z,"The Wolverine State, in 1847 became 1st to abolish capital punishment",2014-02-11T22:47:22.705Z,200,Michigan,,17,,157
"{u'updated_at': u'2014-02-11T22:47:22.573Z', u'created_at': u'2014-02-11T22:47:22.573Z', u'id': 30, u'clues_count': 20, u'title': u'starts with ""b""'}",1984-12-07T12:00:00.000Z,2014-02-11T22:47:22.717Z,Nickname of Gil Gerard's futuristic Capt. William Rogers,2014-02-11T22:47:22.717Z,200,Buck,,30,,158
"{u'updated_at': u'2014-02-11T22:47:22.585Z', u'created_at': u'2014-02-11T22:47:22.585Z', u'id': 31, u'clues_count': 225, u'title': u'the bible'}",1984-12-07T12:00:00.000Z,2014-02-11T22:47:22.728Z,Image of worship built of old jewelry while Moses was on the mountain,2014-02-11T22:47:22.728Z,200,the golden calf,,31,,159
"{u'updated_at': u'2014-02-11T22:47:22.596Z', u'created_at': u'2014-02-11T22:47:22.596Z', u'id': 32, u'clues_count': 90, u'title': u'toys & games'}",1984-12-07T12:00:00.000Z,2014-02-11T22:47:22.739Z,"As scissors beats paper, so paper beats this",2014-02-11T22:47:22.739Z,200,rock (or a stone),,32,,160
"{u'updated_at': u'2014-02-11T22:47:22.606Z', u'created_at': u'2014-02-11T22:47:22.606Z', u'id': 33, u'clues_count': 5, u'title': u'water sports'}",1984-12-07T12:00:00.000Z,2014-02-11T22:47:22.751Z,Fishing from a moving boat,2014-02-11T22:47:22.751Z,200,trolling,,33,,161
"{u'updated_at': u'2014-02-11T22:47:22.617Z', u'created_at': u'2014-02-11T22:47:22.617Z', u'id': 34, u'clues_count': 15, u'title': u'all that jazz'}",1984-12-07T12:00:00.000Z,2014-02-11T22:47:22.763Z,"As Duke Ellington wrote, ""It don't mean a thing if it ain't got"" this",2014-02-11T22:47:22.763Z,200,the swing,,34,,162
"{u'updated_at': u'2014-02-11T22:47:20.329Z', u'created_at': u'2014-02-11T22:47:20.329Z', u'id': 17, u'clues_count': 110, u'title': u'u.s. states'}",1984-12-07T12:00:00.000Z,2014-02-11T22:47:22.774Z,"Region originally called Indian Territory, it now has no Fed. reservations",2014-02-11T22:47:22.774Z,300,Oklahoma,,17,,163
"{u'updated_at': u'2014-02-11T22:47:22.573Z', u'created_at': u'2014-02-11T22:47:22.573Z', u'id': 30, u'clues_count': 20, u'title': u'starts with ""b""'}",1984-12-07T12:00:00.000Z,2014-02-11T22:47:22.786Z,To give by will,2014-02-11T22:47:22.786Z,300,bequeath,,30,,164
"{u'updated_at': u'2014-02-11T22:47:22.596Z', u'created_at': u'2014-02-11T22:47:22.596Z', u'id': 32, u'clues_count': 90, u'title': u'toys & games'}",1984-12-07T12:00:00.000Z,2014-02-11T22:47:22.809Z,Total number of dots on the highest standard domino,2014-02-11T22:47:22.809Z,300,12,,32,,166
"{u'updated_at': u'2014-02-11T22:47:22.606Z', u'created_at': u'2014-02-11T22:47:22.606Z', u'id': 33, u'clues_count': 5, u'title': u'water sports'}",1984-12-07T12:00:00.000Z,2014-02-11T22:47:22.821Z,What an unlucky surfer has just experienced in this song,2014-02-11T22:47:22.821Z,,a wipeout,,33,,167
"{u'updated_at': u'2014-02-11T22:47:20.329Z', u'created_at': u'2014-02-11T22:47:20.329Z', u'id': 17, u'clues_count': 110, u'title': u'u.s. states'}",1984-12-07T12:00:00.000Z,2014-02-11T22:47:22.844Z,Western neighbor of Tenn. & Miss.; it has only diamond field in N. America,2014-02-11T22:47:22.844Z,400,Arkansas,,17,,169
"{u'updated_at': u'2014-02-11T22:47:22.573Z', u'created_at': u'2014-02-11T22:47:22.573Z', u'id': 30, u'clues_count': 20, u'title': u'starts with ""b""'}",1984-12-07T12:00:00.000Z,2014-02-11T22:47:22.855Z,"Quality of a Scot's brogue which makes the ""R"" r-r-r-oll",2014-02-11T22:47:22.855Z,400,a burr,,30,,170
"{u'updated_at': u'2014-02-11T22:47:22.596Z', u'created_at': u'2014-02-11T22:47:22.596Z', u'id': 32, u'clues_count': 90, u'title': u'toys & games'}",1984-12-07T12:00:00.000Z,2014-02-11T22:47:22.878Z,"Thrown out by G.E. in 1949, this stretchy stuff became a national fad",2014-02-11T22:47:22.878Z,400,Silly Putty,,32,,172
"{u'updated_at': u'2014-02-11T22:47:22.617Z', u'created_at': u'2014-02-11T22:47:22.617Z', u'id': 34, u'clues_count': 15, u'title': u'all that jazz'}",1984-12-07T12:00:00.000Z,2014-02-11T22:47:22.833Z,,2016-03-31T21:46:08.598Z,,a wipeout,,34,1,168
"{u'updated_at': u'2014-02-11T22:47:22.585Z', u'created_at': u'2014-02-11T22:47:22.585Z', u'id': 31, u'clues_count': 225, u'title': u'the bible'}",1984-12-07T12:00:00.000Z,2014-02-11T22:47:22.797Z,,2017-05-16T16:46:20.203Z,,bequeath,,31,1,165
"{u'updated_at': u'2014-02-11T22:47:22.606Z', u'created_at': u'2014-02-11T22:47:22.606Z', u'id': 33, u'clues_count': 5, u'title': u'water sports'}",1984-12-07T12:00:00.000Z,2014-02-11T22:47:22.889Z,Competitor in this sport was the model for nude male torso atop L.A.'s Olympic gate,2014-02-11T22:47:22.889Z,400,water polo,,33,,173
"{u'updated_at': u'2014-02-11T22:47:43.324Z', u'created_at': u'2014-02-11T22:47:43.324Z', u'id': 142, u'clues_count': 20, u'title': u'the earth'}",1986-02-27T12:00:00.000Z,2014-02-11T22:47:43.698Z,=,2014-02-11T22:47:43.698Z,500,=,,142,,925
"{u'updated_at': u'2014-02-11T22:47:20.329Z', u'created_at': u'2014-02-11T22:47:20.329Z', u'id': 17, u'clues_count': 110, u'title': u'u.s. states'}",1984-12-07T12:00:00.000Z,2014-02-11T22:47:22.940Z,"Midwest state whose native sons include Marlon Brando, Nick Nolte & Henry Fonda",2014-02-11T22:47:22.940Z,500,Nebraska,,17,,175
"{u'updated_at': u'2014-02-11T22:47:22.573Z', u'created_at': u'2014-02-11T22:47:22.573Z', u'id': 30, u'clues_count': 20, u'title': u'starts with ""b""'}",1984-12-07T12:00:00.000Z,2014-02-11T22:47:22.951Z,Australian bay named for the many plants growing on its shores,2014-02-11T22:47:22.951Z,500,Botany Bay,,30,,176
"{u'updated_at': u'2014-02-11T22:47:22.585Z', u'created_at': u'2014-02-11T22:47:22.585Z', u'id': 31, u'clues_count': 225, u'title': u'the bible'}",1984-12-07T12:00:00.000Z,2014-02-11T22:47:22.964Z,,2014-02-11T22:47:22.964Z,,Botany Bay,,31,,177
"{u'updated_at': u'2014-02-11T22:47:22.596Z', u'created_at': u'2014-02-11T22:47:22.596Z', u'id': 32, u'clues_count': 90, u'title': u'toys & games'}",1984-12-07T12:00:00.000Z,2014-02-11T22:47:22.975Z,"Said to be a be a weapon in the Philippines, Duncan made them toys for the U.S.",2014-02-11T22:47:22.975Z,500,a yo-yo,,32,,178
"{u'updated_at': u'2014-02-11T22:47:22.606Z', u'created_at': u'2014-02-11T22:47:22.606Z', u'id': 33, u'clues_count': 5, u'title': u'water sports'}",1984-12-07T12:00:00.000Z,2014-02-11T22:47:22.986Z,Name of yacht immortalized after winning the 100-Guinea Cup away from England in 1851,2014-02-11T22:47:22.986Z,500,the <i>America</i>,,33,,179
"{u'updated_at': u'2014-02-11T22:47:22.617Z', u'created_at': u'2014-02-11T22:47:22.617Z', u'id': 34, u'clues_count': 15, u'title': u'all that jazz'}",1984-12-07T12:00:00.000Z,2014-02-11T22:47:22.997Z,,2014-02-11T22:47:22.997Z,,the <i>America</i>,,34,,180
"{u'updated_at': u'2014-02-11T22:47:23.318Z', u'created_at': u'2014-02-11T22:47:23.318Z', u'id': 35, u'clues_count': 75, u'title': u'insects'}",1984-12-06T12:00:00.000Z,2014-02-11T22:47:23.387Z,"""Cooties""; the lousiest insects of all",2014-02-11T22:47:23.387Z,100,lice,,35,,181
"{u'updated_at': u'2014-02-11T22:47:23.329Z', u'created_at': u'2014-02-11T22:47:23.329Z', u'id': 36, u'clues_count': 85, u'title': u'colors'}",1984-12-06T12:00:00.000Z,2014-02-11T22:47:23.399Z,Colors that blend to make chartreuse,2014-02-11T22:47:23.399Z,100,green and yellow,,36,,182
"{u'updated_at': u'2014-02-11T22:47:23.340Z', u'created_at': u'2014-02-11T22:47:23.340Z', u'id': 37, u'clues_count': 110, u'title': u'nursery rhymes'}",1984-12-06T12:00:00.000Z,2014-02-11T22:47:23.412Z,"Where the crooked man, the crooked cat, & the crooked mouse all lived",2014-02-11T22:47:23.412Z,100,in a little crooked house,,37,,183
"{u'updated_at': u'2014-02-11T22:47:23.351Z', u'created_at': u'2014-02-11T22:47:23.351Z', u'id': 38, u'clues_count': 10, u'title': u'boxing'}",1984-12-06T12:00:00.000Z,2014-02-11T22:47:23.423Z,Length of a full count,2014-02-11T22:47:23.423Z,100,ten,,38,,184
"{u'updated_at': u'2014-02-11T22:47:23.361Z', u'created_at': u'2014-02-11T22:47:23.361Z', u'id': 39, u'clues_count': 5, u'title': u'poe'}",1984-12-06T12:00:00.000Z,2014-02-11T22:47:23.434Z,Time when the raven came rapping,2014-02-11T22:47:23.434Z,100,midnight,,39,,185
"{u'updated_at': u'2014-02-11T22:47:23.372Z', u'created_at': u'2014-02-11T22:47:23.372Z', u'id': 40, u'clues_count': 15, u'title': u'cable tv'}",1984-12-06T12:00:00.000Z,2014-02-11T22:47:23.446Z,What MTV plays 24 hours a day,2014-02-11T22:47:23.446Z,100,music videos,,40,,186
"{u'updated_at': u'2014-02-11T22:47:23.318Z', u'created_at': u'2014-02-11T22:47:23.318Z', u'id': 35, u'clues_count': 75, u'title': u'insects'}",1984-12-06T12:00:00.000Z,2014-02-11T22:47:23.458Z,These insects flash yellow lights to find mates,2014-02-11T22:47:23.458Z,200,fireflies (or lightning bugs or glowworms),,35,,187
"{u'updated_at': u'2014-02-11T22:47:23.329Z', u'created_at': u'2014-02-11T22:47:23.329Z', u'id': 36, u'clues_count': 85, u'title': u'colors'}",1984-12-06T12:00:00.000Z,2014-02-11T22:47:23.469Z,"When you're blooming with health, you're ""in"" it",2014-02-11T22:47:23.469Z,200,in the pink,,36,,188
"{u'updated_at': u'2014-02-11T22:47:23.340Z', u'created_at': u'2014-02-11T22:47:23.340Z', u'id': 37, u'clues_count': 110, u'title': u'nursery rhymes'}",1984-12-06T12:00:00.000Z,2014-02-11T22:47:23.481Z,He killed Cock Robin,2014-02-11T22:47:23.481Z,200,the sparrow,,37,,189
"{u'updated_at': u'2014-02-11T22:47:23.351Z', u'created_at': u'2014-02-11T22:47:23.351Z', u'id': 38, u'clues_count': 10, u'title': u'boxing'}",1984-12-06T12:00:00.000Z,2014-02-11T22:47:23.493Z,Term for tossing the terrycloth,2014-02-11T22:47:23.493Z,200,throwing in the towel,,38,,190
"{u'updated_at': u'2014-02-11T22:47:23.361Z', u'created_at': u'2014-02-11T22:47:23.361Z', u'id': 39, u'clues_count': 5, u'title': u'poe'}",1984-12-06T12:00:00.000Z,2014-02-11T22:47:23.505Z,,2014-02-11T22:47:23.505Z,,throwing in the towel,,39,,191
"{u'updated_at': u'2014-02-11T22:47:23.372Z', u'created_at': u'2014-02-11T22:47:23.372Z', u'id': 40, u'clues_count': 15, u'title': u'cable tv'}",1984-12-06T12:00:00.000Z,2014-02-11T22:47:23.517Z,"Cable channel where you'd find ""Mouseterpiece Theatre""",2014-02-11T22:47:23.517Z,200,the Disney Channel,,40,,192
"{u'updated_at': u'2014-02-11T22:47:23.318Z', u'created_at': u'2014-02-11T22:47:23.318Z', u'id': 35, u'clues_count': 75, u'title': u'insects'}",1984-12-06T12:00:00.000Z,2014-02-11T22:47:23.528Z,"Gatherings of this type of grasshopper have covered 2,000 square miles at a time",2014-02-11T22:47:23.528Z,300,locust swarms,,35,,193
"{u'updated_at': u'2014-02-11T22:47:23.329Z', u'created_at': u'2014-02-11T22:47:23.329Z', u'id': 36, u'clues_count': 85, u'title': u'colors'}",1984-12-06T12:00:00.000Z,2014-02-11T22:47:23.540Z,"Ring Lardner, Dalton Trumbo, & Will Geer were on one in the 50s",2014-02-11T22:47:23.540Z,300,a blacklist,,36,,194
"{u'updated_at': u'2014-02-11T22:47:23.340Z', u'created_at': u'2014-02-11T22:47:23.340Z', u'id': 37, u'clues_count': 110, u'title': u'nursery rhymes'}",1984-12-06T12:00:00.000Z,2014-02-11T22:47:23.553Z,His kisses drove girls to tears,2014-02-11T22:47:23.553Z,300,Georgie Porgie,,37,,195
"{u'updated_at': u'2014-02-11T22:47:23.351Z', u'created_at': u'2014-02-11T22:47:23.351Z', u'id': 38, u'clues_count': 10, u'title': u'boxing'}",1984-12-06T12:00:00.000Z,2014-02-11T22:47:23.565Z,Meaning of TKO,2014-02-11T22:47:23.565Z,300,technical knockout,,38,,196
"{u'updated_at': u'2014-02-11T22:47:23.372Z', u'created_at': u'2014-02-11T22:47:23.372Z', u'id': 40, u'clues_count': 15, u'title': u'cable tv'}",1984-12-06T12:00:00.000Z,2014-02-11T22:47:23.588Z,Comedy group which went from CBC to NBC to Cinemax,2014-02-11T22:47:23.588Z,,SCTV,,40,,198
"{u'updated_at': u'2014-02-11T22:47:23.318Z', u'created_at': u'2014-02-11T22:47:23.318Z', u'id': 35, u'clues_count': 75, u'title': u'insects'}",1984-12-06T12:00:00.000Z,2014-02-11T22:47:23.600Z,"Its name comes from its worshipful appearance, not its voracious appetite",2014-02-11T22:47:23.600Z,400,a praying mantis,,35,,199
"{u'updated_at': u'2014-02-11T22:47:23.329Z', u'created_at': u'2014-02-11T22:47:23.329Z', u'id': 36, u'clues_count': 85, u'title': u'colors'}",1984-12-06T12:00:00.000Z,2014-02-11T22:47:23.611Z,Colorful causeway Elton John bids adieu to in '73 hit,2014-02-11T22:47:23.611Z,400,the Yellow Brick Road,,36,,200
"{u'updated_at': u'2014-02-11T22:47:23.340Z', u'created_at': u'2014-02-11T22:47:23.340Z', u'id': 37, u'clues_count': 110, u'title': u'nursery rhymes'}",1984-12-06T12:00:00.000Z,2014-02-11T22:47:23.623Z,"At the count of 7, all good children go there",2014-02-11T22:47:23.623Z,400,heaven,,37,,201
"{u'updated_at': u'2014-02-11T22:47:23.351Z', u'created_at': u'2014-02-11T22:47:23.351Z', u'id': 38, u'clues_count': 10, u'title': u'boxing'}",1984-12-06T12:00:00.000Z,2014-02-11T22:47:23.633Z,"In '81, he got $12 mil. for beating welterweight Thomas Hearns",2014-02-11T22:47:23.633Z,400,Sugar Ray Leonard,,38,,202
"{u'updated_at': u'2014-02-11T22:47:23.361Z', u'created_at': u'2014-02-11T22:47:23.361Z', u'id': 39, u'clues_count': 5, u'title': u'poe'}",1984-12-06T12:00:00.000Z,2014-02-11T22:47:23.644Z,,2014-02-11T22:47:23.644Z,,Sugar Ray Leonard,,39,,203
"{u'updated_at': u'2014-02-11T22:47:23.372Z', u'created_at': u'2014-02-11T22:47:23.372Z', u'id': 40, u'clues_count': 15, u'title': u'cable tv'}",1984-12-06T12:00:00.000Z,2014-02-11T22:47:23.655Z,"His flagship station is WTBA, Atlanta",2014-02-11T22:47:23.655Z,400,Ted Turner,,40,,204
"{u'updated_at': u'2014-02-11T22:47:23.318Z', u'created_at': u'2014-02-11T22:47:23.318Z', u'id': 35, u'clues_count': 75, u'title': u'insects'}",1984-12-06T12:00:00.000Z,2014-02-11T22:47:23.666Z,The Bible says a sluggard should consider this industrious insect,2014-02-11T22:47:23.666Z,500,an ant,,35,,205
"{u'updated_at': u'2014-02-11T22:47:23.329Z', u'created_at': u'2014-02-11T22:47:23.329Z', u'id': 36, u'clues_count': 85, u'title': u'colors'}",1984-12-06T12:00:00.000Z,2014-02-11T22:47:23.678Z,It was said rajahs gave their rivals these animals to create financial burden,2014-02-11T22:47:23.678Z,500,white elephants,,36,,206
